{
    "total_runtime": 183.40823340415955,
    "num_documents": 1,
    "input_load_time": 0,
    "workflows": {
        "create_base_text_units": {
            "overall": 0.3685269355773926,
            "0_orderby": 0.005004405975341797,
            "1_zip": 0.0043544769287109375,
            "2_aggregate_override": 0.00799703598022461,
            "3_chunk": 0.27362847328186035,
            "4_select": 0.006533145904541016,
            "5_unroll": 0.0070018768310546875,
            "6_rename": 0.004892587661743164,
            "7_genid": 0.008099079132080078,
            "8_unzip": 0.0070421695709228516,
            "9_copy": 0.005960226058959961,
            "10_filter": 0.034009456634521484
        },
        "create_base_extracted_entities": {
            "overall": 33.709046363830566,
            "0_entity_extract": 33.681050062179565,
            "1_merge_graphs": 0.019999980926513672
        },
        "create_summarized_entities": {
            "overall": 106.4416708946228,
            "0_summarize_descriptions": 106.43067288398743
        },
        "create_base_entity_graph": {
            "overall": 0.25580787658691406,
            "0_cluster_graph": 0.22613191604614258,
            "1_select": 0.016312837600708008
        },
        "create_final_entities": {
            "overall": 1.4316174983978271,
            "0_unpack_graph": 0.01940011978149414,
            "1_rename": 0.014062881469726562,
            "2_select": 0.014430522918701172,
            "3_dedupe": 0.02352118492126465,
            "4_rename": 0.015892505645751953,
            "5_filter": 0.03695368766784668,
            "6_text_split": 0.01700425148010254,
            "7_drop": 0.0169675350189209,
            "8_merge": 0.02457594871520996,
            "9_text_embed": 1.16971755027771,
            "10_drop": 0.018540143966674805,
            "11_filter": 0.044396162033081055
        },
        "create_final_nodes": {
            "overall": 0.48471808433532715,
            "0_layout_graph": 0.0893712043762207,
            "1_unpack_graph": 0.025998592376708984,
            "2_unpack_graph": 0.02318096160888672,
            "3_filter": 0.047887325286865234,
            "4_drop": 0.023142576217651367,
            "5_select": 0.02100062370300293,
            "6_rename": 0.019998550415039062,
            "7_convert": 0.15313982963562012,
            "8_join": 0.04017066955566406,
            "9_rename": 0.020000696182250977
        },
        "create_final_communities": {
            "overall": 0.6328120231628418,
            "0_unpack_graph": 0.03754305839538574,
            "1_unpack_graph": 0.029359817504882812,
            "2_aggregate_override": 0.04371190071105957,
            "3_join": 0.03970742225646973,
            "4_join": 0.03902578353881836,
            "5_concat": 0.035623788833618164,
            "6_filter": 0.08535099029541016,
            "7_aggregate_override": 0.037975311279296875,
            "8_join": 0.051558494567871094,
            "9_filter": 0.07426166534423828,
            "10_fill": 0.030449390411376953,
            "11_merge": 0.033376216888427734,
            "12_copy": 0.036475181579589844,
            "13_select": 0.030364036560058594
        },
        "join_text_units_to_entity_ids": {
            "overall": 0.10174942016601562,
            "0_select": 0.02623128890991211,
            "1_unroll": 0.025998830795288086,
            "2_aggregate_override": 0.024006128311157227
        },
        "create_final_relationships": {
            "overall": 0.33839845657348633,
            "0_unpack_graph": 0.030033588409423828,
            "1_filter": 0.051668405532836914,
            "2_rename": 0.02225017547607422,
            "3_filter": 0.06783294677734375,
            "4_drop": 0.02504420280456543,
            "5_compute_edge_combined_degree": 0.03676319122314453,
            "6_convert": 0.04918789863586426,
            "7_convert": 0.028519868850708008
        },
        "join_text_units_to_relationship_ids": {
            "overall": 0.16234326362609863,
            "0_select": 0.024175167083740234,
            "1_unroll": 0.026766538619995117,
            "2_aggregate_override": 0.041109561920166016,
            "3_select": 0.043656349182128906
        },
        "create_final_community_reports": {
            "overall": 33.66560983657837,
            "0_prepare_community_reports_nodes": 0.046389102935791016,
            "1_prepare_community_reports_edges": 0.033522844314575195,
            "2_restore_community_hierarchy": 0.04046297073364258,
            "3_prepare_community_reports": 0.07208919525146484,
            "4_create_community_reports": 33.39995241165161,
            "5_window": 0.02831578254699707
        },
        "create_final_text_units": {
            "overall": 0.27849459648132324,
            "0_select": 0.04522252082824707,
            "1_rename": 0.048265695571899414,
            "2_join": 0.03518557548522949,
            "3_join": 0.03623461723327637,
            "4_aggregate_override": 0.04839825630187988,
            "5_select": 0.028608083724975586
        },
        "create_base_documents": {
            "overall": 0.3732638359069824,
            "0_unroll": 0.03894925117492676,
            "1_select": 0.03311967849731445,
            "2_rename": 0.03497576713562012,
            "3_join": 0.03673911094665527,
            "4_aggregate_override": 0.038602590560913086,
            "5_join": 0.04156494140625,
            "6_rename": 0.03449702262878418,
            "7_convert": 0.07484030723571777
        },
        "create_final_documents": {
            "overall": 0.07608509063720703,
            "0_rename": 0.03746771812438965
        }
    }
}