{
    "total_runtime": 897.7572848796844,
    "num_documents": 1,
    "input_load_time": 0,
    "workflows": {
        "create_base_text_units": {
            "overall": 1.1279091835021973,
            "0_orderby": 0.016240358352661133,
            "1_zip": 0.01203155517578125,
            "2_aggregate_override": 0.021728992462158203,
            "3_chunk": 0.886563777923584,
            "4_select": 0.019637584686279297,
            "5_unroll": 0.01594257354736328,
            "6_rename": 0.008784294128417969,
            "7_genid": 0.03481125831604004,
            "8_unzip": 0.00800466537475586,
            "9_copy": 0.009274721145629883,
            "10_filter": 0.08887863159179688
        },
        "create_base_extracted_entities": {
            "overall": 895.3978469371796,
            "0_entity_extract": 895.3241453170776,
            "1_merge_graphs": 0.06770491600036621
        },
        "create_summarized_entities": {
            "overall": 0.08524751663208008,
            "0_summarize_descriptions": 0.07276320457458496
        }
    }
}