{
    "total_runtime": 815.6293432712555,
    "num_documents": 1,
    "input_load_time": 0,
    "workflows": {
        "create_base_text_units": {
            "overall": 0.844841480255127,
            "0_orderby": 0.0059931278228759766,
            "1_zip": 0.007014751434326172,
            "2_aggregate_override": 0.008980989456176758,
            "3_chunk": 0.7320010662078857,
            "4_select": 0.00663304328918457,
            "5_unroll": 0.008289337158203125,
            "6_rename": 0.005000591278076172,
            "7_genid": 0.024877548217773438,
            "8_unzip": 0.00982522964477539,
            "9_copy": 0.00870370864868164,
            "10_filter": 0.023204326629638672
        },
        "create_base_extracted_entities": {
            "overall": 814.224104642868,
            "0_entity_extract": 814.0277216434479,
            "1_merge_graphs": 0.18327641487121582
        }
    }
}