{
    "total_runtime": 2001.689193725586,
    "num_documents": 1,
    "input_load_time": 0,
    "workflows": {
        "create_base_text_units": {
            "overall": 0.6336357593536377,
            "0_orderby": 0.009530067443847656,
            "1_zip": 0.011995077133178711,
            "2_aggregate_override": 0.0175020694732666,
            "3_chunk": 0.3775022029876709,
            "4_select": 0.008994102478027344,
            "5_unroll": 0.12337946891784668,
            "6_rename": 0.009993553161621094,
            "7_genid": 0.011001110076904297,
            "8_unzip": 0.014123678207397461,
            "9_copy": 0.009996652603149414,
            "10_filter": 0.034621238708496094
        },
        "create_base_extracted_entities": {
            "overall": 306.7966673374176,
            "0_entity_extract": 306.7181017398834,
            "1_merge_graphs": 0.06657075881958008
        },
        "create_summarized_entities": {
            "overall": 1199.480469942093,
            "0_summarize_descriptions": 1199.459955215454
        },
        "create_base_entity_graph": {
            "overall": 0.1843092441558838,
            "0_cluster_graph": 0.15842056274414062,
            "1_select": 0.014886140823364258
        },
        "create_final_entities": {
            "overall": 3.3064470291137695,
            "0_unpack_graph": 0.030910730361938477,
            "1_rename": 0.015009164810180664,
            "2_select": 0.015496969223022461,
            "3_dedupe": 0.014008522033691406,
            "4_rename": 0.014989614486694336,
            "5_filter": 0.03626680374145508,
            "6_text_split": 0.021075963973999023,
            "7_drop": 0.01833486557006836,
            "8_merge": 0.03832387924194336,
            "9_text_embed": 3.0299930572509766,
            "10_drop": 0.019734859466552734,
            "11_filter": 0.0392153263092041
        },
        "create_final_nodes": {
            "overall": 0.468095064163208,
            "0_layout_graph": 0.0983278751373291,
            "1_unpack_graph": 0.06254696846008301,
            "2_unpack_graph": 0.03707098960876465,
            "3_drop": 0.022333383560180664,
            "4_filter": 0.044202327728271484,
            "5_select": 0.018938541412353516,
            "6_rename": 0.031581878662109375,
            "7_convert": 0.07119154930114746,
            "8_join": 0.0356745719909668,
            "9_rename": 0.021000385284423828
        },
        "create_final_communities": {
            "overall": 0.6174907684326172,
            "0_unpack_graph": 0.03916168212890625,
            "1_unpack_graph": 0.038823843002319336,
            "2_aggregate_override": 0.031261444091796875,
            "3_join": 0.06035494804382324,
            "4_join": 0.04651618003845215,
            "5_concat": 0.024191856384277344,
            "6_filter": 0.07095551490783691,
            "7_aggregate_override": 0.033995628356933594,
            "8_join": 0.03553628921508789,
            "9_filter": 0.05500030517578125,
            "10_fill": 0.048661231994628906,
            "11_merge": 0.04941248893737793,
            "12_copy": 0.025778770446777344,
            "13_select": 0.029532909393310547
        },
        "join_text_units_to_entity_ids": {
            "overall": 0.12813591957092285,
            "0_select": 0.03675961494445801,
            "1_unroll": 0.029636383056640625,
            "2_aggregate_override": 0.033416032791137695
        },
        "create_final_relationships": {
            "overall": 0.4364135265350342,
            "0_unpack_graph": 0.06937646865844727,
            "1_filter": 0.0673377513885498,
            "2_rename": 0.031426191329956055,
            "3_filter": 0.06072998046875,
            "4_drop": 0.02741098403930664,
            "5_compute_edge_combined_degree": 0.03635120391845703,
            "6_convert": 0.05665016174316406,
            "7_convert": 0.033950090408325195
        },
        "join_text_units_to_relationship_ids": {
            "overall": 0.16667962074279785,
            "0_select": 0.029790163040161133,
            "1_unroll": 0.03146028518676758,
            "2_aggregate_override": 0.04119253158569336,
            "3_select": 0.02751469612121582
        },
        "create_final_community_reports": {
            "overall": 482.58004689216614,
            "0_prepare_community_reports_nodes": 0.06393766403198242,
            "1_prepare_community_reports_edges": 0.03899693489074707,
            "2_restore_community_hierarchy": 0.028810501098632812,
            "3_prepare_community_reports": 0.14681768417358398,
            "4_create_community_reports": 482.21907210350037,
            "5_window": 0.04640960693359375
        },
        "create_final_text_units": {
            "overall": 0.3051421642303467,
            "0_select": 0.04019784927368164,
            "1_rename": 0.04552197456359863,
            "2_join": 0.04300665855407715,
            "3_join": 0.04374098777770996,
            "4_aggregate_override": 0.044179439544677734,
            "5_select": 0.03887820243835449
        },
        "create_base_documents": {
            "overall": 0.4748556613922119,
            "0_unroll": 0.04282712936401367,
            "1_select": 0.03721880912780762,
            "2_rename": 0.041429758071899414,
            "3_join": 0.07041692733764648,
            "4_aggregate_override": 0.0570676326751709,
            "5_join": 0.04872012138366699,
            "6_rename": 0.04852771759033203,
            "7_convert": 0.08178186416625977
        },
        "create_final_documents": {
            "overall": 0.09138941764831543,
            "0_rename": 0.04117751121520996
        }
    }
}