{
    "total_runtime": 0.4930567741394043,
    "num_documents": 1,
    "input_load_time": 0,
    "workflows": {
        "create_base_text_units": {
            "overall": 0.3882260322570801,
            "0_orderby": 0.0020291805267333984,
            "1_zip": 0.003976106643676758,
            "2_aggregate_override": 0.0030138492584228516,
            "3_chunk": 0.3376963138580322,
            "4_select": 0.003985166549682617,
            "5_unroll": 0.004023551940917969,
            "6_rename": 0.0030007362365722656,
            "7_genid": 0.009997129440307617,
            "8_unzip": 0.004003286361694336,
            "9_copy": 0.002974271774291992,
            "10_filter": 0.011393070220947266
        }
    }
}